country,Unnamed: 0,continent,total_confirmed,total_deaths,total_recovered,active_cases,serious_or_critical,total_cases_per_1m_population,total_deaths_per_1m_population,total_tests,total_tests_per_1m_population,population,vaccines,people_vaccinated,people_vaccinated_per_hundred,people_fully_vaccinated,people_fully_vaccinated_per_hundred,total_vaccinations_per_hundred,total_vaccinations,percentage_vaccinated,tested_positive,percentage_fully_vaccinated
Afghanistan,0,Asia,179267,7690.0,162202.0,9375.0,1124.0,4420,190.0,951337.0,23455.0,40560636,"Johnson&Johnson, Oxford/AstraZeneca, Pfizer/BioNTech, Sinopharm/Beijing",5082824.0,12.76,4420127.0,11.1,14.44,5751015.0,14.18,18.84,10.9
Albania,1,Europe,275574,3497.0,271826.0,251.0,2.0,95954,1218.0,1817530.0,632857.0,2871945,"Oxford/AstraZeneca, Pfizer/BioNTech, Sinovac, Sputnik V",1278902.0,44.52,1215199.0,42.3,95.87,2754244.0,95.9,15.16,42.31
Algeria,2,Africa,265816,6875.0,178371.0,80570.0,6.0,5865,152.0,230861.0,5093.0,45325517,"Oxford/AstraZeneca, Sinopharm/Beijing, Sinovac, Sputnik V",7461932.0,16.72,6110712.0,13.7,30.72,13704895.0,30.24,115.14,13.48
Andorra,3,Europe,42156,153.0,41021.0,982.0,14.0,543983,1974.0,249838.0,3223924.0,77495,"Moderna, Oxford/AstraZeneca, Pfizer/BioNTech",57817.0,74.74,53367.0,68.99,196.5,151997.0,100.0,16.87,68.87
Angola,4,Africa,99194,1900.0,97149.0,145.0,,2853,55.0,1499795.0,43136.0,34769277,Oxford/AstraZeneca,11235059.0,33.11,5993792.0,17.66,51.68,17535411.0,50.43,6.61,17.24
Anguilla,5,North America,2984,9.0,2916.0,59.0,4.0,195646,590.0,51382.0,3368870.0,15252,"Oxford/AstraZeneca, Pfizer/BioNTech",10572.0,69.9,9624.0,63.63,150.18,22714.0,100.0,5.81,63.1
Antigua And Barbuda,6,North America,7721,137.0,7511.0,73.0,1.0,77646,1378.0,18901.0,190076.0,99439,,,,,,,,,40.85,
Argentina,7,South America,9101319,128729.0,8895999.0,76591.0,372.0,197992,2800.0,35716069.0,776974.0,45968174,"CanSino, Moderna, Oxford/AstraZeneca, Pfizer/BioNTech, Sinopharm/Beijing, Sputnik V",40907186.0,89.7,36924451.0,80.96,211.61,96504666.0,100.0,25.48,80.33
Armenia,8,Asia,422896,8623.0,412048.0,2225.0,,142219,2900.0,3068217.0,1031834.0,2973558,"Moderna, Oxford/AstraZeneca, Sinopharm/Beijing, Sinovac, Sputnik V",1113472.0,37.51,948778.0,31.97,70.38,2088962.0,70.25,13.78,31.91
Aruba,9,North America,35693,213.0,35199.0,281.0,,331689,1979.0,177885.0,1653053.0,107610,Pfizer/BioNTech,87884.0,81.99,81347.0,75.89,157.87,169231.0,100.0,20.07,75.59
Australia,10,Australia/Oceania,6593795,7794.0,6199822.0,386179.0,129.0,253112,299.0,70885598.0,2721042.0,26050899,"Moderna, Oxford/AstraZeneca, Pfizer/BioNTech",22202366.0,86.1,21200432.0,82.21,218.1,56242913.0,100.0,9.3,81.38
Austria,11,Europe,4212492,18303.0,4135885.0,58304.0,58.0,462804,2011.0,185034905.0,20328801.0,9102106,"Johnson&Johnson, Moderna, Novavax, Oxford/AstraZeneca, Pfizer/BioNTech",6812569.0,75.33,6588761.0,72.86,200.5,18131115.0,100.0,2.28,72.39
Azerbaijan,12,Asia,792638,9709.0,782869.0,60.0,,76885,942.0,6838458.0,663324.0,10309383,"Oxford/AstraZeneca, Pfizer/BioNTech, Sinovac, Sputnik V",5322427.0,52.06,4821276.0,47.16,131.32,13425032.0,100.0,11.59,46.77
Bahamas,13,North America,33871,801.0,32488.0,582.0,,84626,2001.0,233473.0,583330.0,400242,"Johnson&Johnson, Oxford/AstraZeneca, Pfizer/BioNTech",164961.0,41.56,156089.0,39.33,84.19,334155.0,83.49,14.51,39.0
Bahrain,14,Asia,576997,1479.0,569758.0,5760.0,4.0,318491,816.0,9775981.0,5396149.0,1811659,"Johnson&Johnson, Moderna, Oxford/AstraZeneca, Pfizer/BioNTech, Sinopharm/Beijing, Sputnik Light, Sputnik V",1232740.0,70.51,1216033.0,69.56,195.69,3421273.0,100.0,5.9,67.12
Bangladesh,15,Asia,1953012,29127.0,1899419.0,24466.0,1273.0,11643,174.0,14051455.0,83767.0,167745162,"Johnson&Johnson, Moderna, Oxford/AstraZeneca, Pfizer/BioNTech, Sinopharm/Beijing, Sinovac",127544055.0,76.69,107712737.0,64.77,146.5,243642749.0,100.0,13.9,64.21
Barbados,16,North America,76261,433.0,71497.0,4331.0,,264768,1503.0,669421.0,2324136.0,288030,"Oxford/AstraZeneca, Pfizer/BioNTech, Sinopharm/Beijing",161076.0,55.99,151069.0,52.51,108.49,312145.0,100.0,11.39,52.45
Belarus,17,Europe,982867,6978.0,,,,104078,739.0,13220483.0,1399951.0,9443535,"Sinopharm/Beijing, Sputnik V",5801653.0,61.44,5565214.0,58.94,123.21,11634483.0,100.0,7.43,58.93
Belgium,18,Europe,4116397,31613.0,3941350.0,143434.0,117.0,352324,2706.0,33846023.0,2896893.0,11683561,"Johnson&Johnson, Moderna, Oxford/AstraZeneca, Pfizer/BioNTech",9230428.0,79.35,9126319.0,78.46,216.95,25235826.0,100.0,12.16,78.11
Belize,19,North America,57896,676.0,56761.0,459.0,6.0,140843,1644.0,549217.0,1336070.0,411069,"Johnson&Johnson, Oxford/AstraZeneca, Pfizer/BioNTech, Sinopharm/Beijing",236015.0,58.29,209156.0,51.65,115.39,467251.0,100.0,10.54,50.88
Benin,20,Africa,26952,163.0,25506.0,1283.0,5.0,2120,13.0,604310.0,47530.0,12714341,"Johnson&Johnson, Oxford/AstraZeneca, Pfizer/BioNTech, Sinovac",2955274.0,23.74,2430934.0,19.52,26.77,3333450.0,26.22,4.46,19.12
Bermuda,21,North America,14135,135.0,13664.0,336.0,,228537,2183.0,893980.0,14454002.0,61850,"Oxford/AstraZeneca, Pfizer/BioNTech",48196.0,77.62,46699.0,75.21,204.68,127090.0,100.0,1.58,75.5
Bhutan,22,Asia,59570,21.0,59491.0,58.0,,75651,27.0,2303690.0,2925573.0,787432,"Moderna, Oxford/AstraZeneca, Pfizer/BioNTech, Sinopharm/Beijing",687549.0,88.16,579640.0,74.32,229.25,1787937.0,100.0,2.59,73.61
Bolivia,23,South America,906146,21943.0,863665.0,20538.0,220.0,75704,1833.0,2705422.0,226025.0,11969554,"Johnson&Johnson, Oxford/AstraZeneca, Pfizer/BioNTech, Sinopharm/Beijing, Sputnik V",7043449.0,59.52,5747856.0,48.58,109.63,12972370.0,100.0,33.49,48.02
Bosnia and Herz.,24,Europe,377511,15778.0,,,,116414,4866.0,1767199.0,544957.0,3242823,"Oxford/AstraZeneca, Pfizer/BioNTech, Sinovac, Sputnik V",943394.0,28.91,846080.0,25.93,58.98,1924950.0,59.36,21.36,26.09
Botswana,25,Africa,306324,2690.0,303026.0,608.0,1.0,125541,1102.0,2026898.0,830683.0,2440037,"Covaxin, Johnson&Johnson, Moderna, Oxford/AstraZeneca, Pfizer/BioNTech, Sinovac",1454775.0,60.69,1292541.0,53.92,105.01,2517260.0,100.0,15.11,52.97
Brazil,26,South America,30682094,664920.0,29718402.0,298772.0,8318.0,142460,3087.0,63776166.0,296119.0,215373503,"Johnson&Johnson, Oxford/AstraZeneca, Pfizer/BioNTech, Sinovac",181078067.0,84.62,160272858.0,74.9,193.26,413559595.0,100.0,48.11,74.42
British Virgin Islands,27,North America,6573,62.0,,,1.0,214762,2026.0,103637.0,3386166.0,30606,"Johnson&Johnson, Oxford/AstraZeneca",19165.0,63.0,17646.0,58.0,133.24,40537.0,100.0,6.34,57.66
Brunei,28,Asia,144659,220.0,142788.0,1651.0,,324871,494.0,717784.0,1611980.0,445281,"Johnson&Johnson, Moderna, Oxford/AstraZeneca, Pfizer/BioNTech, Sinopharm/Beijing",407945.0,92.39,404935.0,91.71,241.99,1068468.0,100.0,20.15,90.94
Bulgaria,29,Europe,1161504,37045.0,1014302.0,110157.0,54.0,169536,5407.0,9924259.0,1448573.0,6851060,"Johnson&Johnson, Moderna, Oxford/AstraZeneca, Pfizer/BioNTech",2081276.0,30.18,2049909.0,29.72,63.05,4348404.0,63.47,11.7,29.92
Burkina Faso,30,Africa,20853,382.0,20439.0,32.0,,949,17.0,248995.0,11333.0,21970296,"Johnson&Johnson, Oxford/AstraZeneca, Sinopharm/Beijing",2131880.0,9.92,1188545.0,5.53,11.02,2369487.0,10.78,8.37,5.41
Burundi,31,Africa,41235,38.0,,,,3286,3.0,345742.0,27549.0,12549999,Sinopharm/Beijing,10372.0,0.08,9906.0,0.08,0.1,12166.0,0.1,11.93,0.08
Cabo Verde,32,Africa,56105,401.0,55613.0,91.0,23.0,98910,707.0,400982.0,706908.0,567234,,,,,,,,,13.99,
Cambodia,33,Asia,136262,3056.0,133194.0,12.0,,7945,178.0,2961934.0,172709.0,17149867,"Johnson&Johnson, Oxford/AstraZeneca, Sinopharm/Beijing, Sinovac",14814942.0,87.42,13989488.0,82.55,217.27,36819740.0,100.0,4.6,81.57
Cameroon,34,Africa,119780,1927.0,117791.0,62.0,13.0,4312,69.0,1751774.0,63068.0,27776053,"Johnson&Johnson, Oxford/AstraZeneca, Pfizer/BioNTech, Sinopharm/Beijing",1348787.0,4.95,1048664.0,3.85,5.73,1558668.0,5.61,6.84,3.78
Canada,35,North America,3821346,40228.0,3499564.0,281554.0,423.0,99622,1049.0,61436458.0,1601640.0,38358465,"Johnson&Johnson, Moderna, Oxford/AstraZeneca, Pfizer/BioNTech",32665747.0,85.81,31149796.0,81.83,215.61,82076782.0,100.0,6.22,81.21
Caribbean Netherlands,36,North America,9915,35.0,9829.0,51.0,,371668,1312.0,30126.0,1129287.0,26677,,,,,,,,,32.91,
Cayman Islands,37,North America,23578,28.0,8553.0,14997.0,1.0,351077,417.0,222773.0,3317098.0,67159,"Oxford/AstraZeneca, Pfizer/BioNTech",60364.0,90.78,58385.0,87.8,212.21,141118.0,100.0,10.58,86.94
Central African Rep.,38,Africa,14649,113.0,6859.0,7677.0,2.0,2938,23.0,81294.0,16304.0,4986136,"Covaxin, Oxford/AstraZeneca",923553.0,18.77,897945.0,18.25,20.59,1012846.0,20.31,18.02,18.01
Chad,39,Africa,7414,193.0,4874.0,2347.0,,428,11.0,191341.0,11058.0,17303260,Sinopharm/Beijing,282003.0,1.67,153238.0,0.91,2.48,419469.0,2.42,3.87,0.89
Channel Islands,40,Europe,75275,173.0,74574.0,528.0,,425648,978.0,1252808.0,7084095.0,176848,,,,,,,,,6.01,
Chile,41,South America,3605522,57722.0,3468131.0,79669.0,159.0,185643,2972.0,37693651.0,1940790.0,19421812,"CanSino, Oxford/AstraZeneca, Pfizer/BioNTech, Sinovac",17859475.0,92.96,17346012.0,90.29,261.82,50302179.0,100.0,9.57,89.31
China Hong Kong Sar,42,Asia,1208506,9361.0,,,5.0,158800,1230.0,44972952.0,5909516.0,7610260,"Pfizer/BioNTech, Sinovac",6502770.0,86.1,5739533.0,75.99,197.87,14944464.0,100.0,2.69,75.42
China Macao Sar,43,Asia,82,,82.0,0.0,,123,,5375.0,8073.0,665819,"Pfizer/BioNTech, Sinopharm/Beijing",579965.0,88.09,509829.0,77.44,188.07,1238228.0,100.0,1.53,76.57
China,44,Asia,221804,5209.0,210454.0,6141.0,383.0,154,4.0,160000000.0,111163.0,1439323776,"CanSino, Sinopharm/Beijing, Sinopharm/Wuhan, Sinovac, ZF2001",1275541000.0,88.32,1240777000.0,85.91,225.94,3263129000.0,100.0,0.14,86.21
Colombia,45,South America,6095316,139821.0,5928829.0,26666.0,342.0,117459,2694.0,34675581.0,668214.0,51892950,"Johnson&Johnson, Moderna, Oxford/AstraZeneca, Pfizer/BioNTech, Sinovac",41940039.0,81.81,34730020.0,67.74,157.17,80573164.0,100.0,17.58,66.93
Comoros,46,Africa,8100,160.0,7933.0,7.0,,8959,177.0,,,904091,"Covaxin, Oxford/AstraZeneca, Sinopharm/Beijing",341102.0,38.39,301218.0,33.9,71.81,637961.0,70.56,,33.32
Congo,47,Africa,24079,385.0,20178.0,3516.0,,4172,67.0,347815.0,60270.0,5770949,"Moderna, Oxford/AstraZeneca, Sinopharm/Beijing, Sputnik V",681597.0,12.05,640464.0,11.32,14.48,818931.0,14.19,6.92,11.1
Cook Islands,48,Australia/Oceania,5410,1.0,5291.0,118.0,,307491,57.0,17469.0,992895.0,17594,Pfizer/BioNTech,14992.0,85.32,14573.0,82.93,168.25,29565.0,100.0,30.97,82.83
Costa Rica,49,North America,866164,8444.0,841683.0,16037.0,48.0,167189,1630.0,4401922.0,849668.0,5180753,"Oxford/AstraZeneca, Pfizer/BioNTech",4336171.0,84.38,3971404.0,77.28,197.82,10166273.0,100.0,19.68,76.66
CÃ´te d'Ivoire,50,Africa,81989,799.0,81168.0,22.0,,2971,29.0,1509861.0,54716.0,27594347,"Johnson&Johnson, Oxford/AstraZeneca, Pfizer/BioNTech, Sinopharm/Beijing, Sputnik V",7111845.0,26.29,4599452.0,17.0,38.31,10364488.0,37.56,5.43,16.67
Croatia,51,Europe,1131450,15930.0,1111405.0,4115.0,15.0,278811,3925.0,4838151.0,1192212.0,4058130,"Johnson&Johnson, Moderna, Oxford/AstraZeneca, Pfizer/BioNTech",2310786.0,56.61,2237864.0,54.83,127.99,5224151.0,100.0,23.39,55.15
Cuba,52,North America,1104589,8529.0,1095534.0,526.0,23.0,97633,754.0,12920253.0,1141997.0,11313741,"Abdala, Soberana Plus, Soberana02",10630665.0,93.93,9910237.0,87.57,312.28,35342367.0,100.0,8.55,87.59
Curacao,53,North America,43017,275.0,42203.0,539.0,3.0,260168,1663.0,496693.0,3004016.0,165343,"Moderna, Pfizer/BioNTech",107539.0,65.26,98489.0,59.76,149.62,246566.0,100.0,8.66,59.57
Cyprus,54,Asia,477711,1032.0,124370.0,352309.0,60.0,390374,843.0,9477138.0,7744481.0,1223728,"Johnson&Johnson, Moderna, Oxford/AstraZeneca, Pfizer/BioNTech",687926.0,76.78,645292.0,72.02,197.93,1773485.0,100.0,5.04,52.73
Czech Republic,55,Europe,3915847,40245.0,3871654.0,3948.0,14.0,364401,3745.0,55323981.0,5148342.0,10745981,"Johnson&Johnson, Moderna, Novavax, Oxford/AstraZeneca, Pfizer/BioNTech",6951303.0,64.82,6858609.0,63.95,163.1,17492052.0,100.0,7.08,63.82
Dem. Rep. Congo,56,Africa,87023,1337.0,50930.0,34756.0,,920,14.0,846704.0,8948.0,94629737,Oxford/AstraZeneca,853971.0,0.92,519397.0,0.56,1.04,964948.0,1.02,10.28,0.55
Denmark,57,Europe,2976667,6287.0,2960386.0,9994.0,12.0,510561,1078.0,127345763.0,21842472.0,5830190,"Johnson&Johnson, Moderna, Pfizer/BioNTech",4841445.0,83.28,4801547.0,82.6,227.27,13211743.0,100.0,2.34,82.36
Djibouti,58,Africa,15631,189.0,15427.0,15.0,,15404,186.0,305941.0,301492.0,1014756,"Johnson&Johnson, Oxford/AstraZeneca, Pfizer/BioNTech, Sinopharm/Beijing, Sinovac, Sputnik V",145050.0,14.47,105020.0,10.48,16.52,165554.0,16.31,5.11,10.35
Dominica,59,North America,12685,63.0,12323.0,299.0,,175403,871.0,194894.0,2694921.0,72319,"Oxford/AstraZeneca, Pfizer/BioNTech, Sinopharm/Beijing",32403.0,44.9,29931.0,41.47,86.37,62334.0,86.19,6.51,41.39
Dominican Rep.,60,North America,580412,4376.0,575583.0,453.0,1.0,52524,396.0,3305829.0,299156.0,11050510,"Oxford/AstraZeneca, Pfizer/BioNTech, Sinopharm/Beijing, Sinovac",7184321.0,65.59,5923507.0,54.08,141.37,15484878.0,100.0,17.56,53.6
Ecuador,61,South America,872268,35607.0,,,759.0,48080,1963.0,2470170.0,136158.0,18141962,"CanSino, Oxford/AstraZeneca, Pfizer/BioNTech, Sinovac",14836133.0,82.94,13709968.0,76.64,185.4,33165706.0,100.0,35.31,75.57
Egypt,62,Africa,515645,24613.0,442182.0,48850.0,122.0,4868,232.0,3693367.0,34867.0,105928386,"Johnson&Johnson, Oxford/AstraZeneca, Pfizer/BioNTech, Sinopharm/Beijing, Sinovac, Sputnik V",44531740.0,42.71,31722116.0,30.43,73.58,76716981.0,72.42,13.96,29.95
El Salvador,63,North America,162089,4129.0,150662.0,7298.0,8.0,24757,631.0,1950448.0,297908.0,6547158,"Oxford/AstraZeneca, Pfizer/BioNTech, Sinopharm/Beijing, Sinovac",4582343.0,70.3,4281899.0,65.69,159.83,10418549.0,100.0,8.31,65.4
Eq. Guinea,64,Africa,15910,183.0,15701.0,26.0,5.0,10687,123.0,317211.0,213068.0,1488778,Sinopharm/Beijing,262703.0,18.12,210706.0,14.53,32.65,473409.0,31.8,5.02,14.15
Eritrea,65,Africa,9745,103.0,9632.0,10.0,,2679,28.0,23693.0,6513.0,3637828,,,,,,,,,41.13,
Estonia,66,Europe,573922,2556.0,514836.0,56530.0,3.0,432106,1924.0,3345340.0,2518710.0,1328196,"Johnson&Johnson, Moderna, Oxford/AstraZeneca, Pfizer/BioNTech",859186.0,64.84,842855.0,63.6,148.78,1971557.0,100.0,17.16,63.46
Ethiopia,67,Africa,470937,7510.0,455757.0,7670.0,8.0,3916,62.0,4836364.0,40214.0,120265111,"Covaxin, Johnson&Johnson, Oxford/AstraZeneca, Sinopharm/Beijing, Sinovac",24486746.0,20.77,20958931.0,17.78,24.92,29373478.0,24.42,9.74,17.43
Faeroe Islands,68,Europe,34658,28.0,7693.0,26937.0,5.0,704302,569.0,778000.0,15810116.0,49209,"Moderna, Pfizer/BioNTech",41715.0,85.04,40895.0,83.37,211.8,103894.0,100.0,4.45,83.1
Falkland Is.,69,South America,1126,,,,,306896,,8632.0,2352685.0,3669,Oxford/AstraZeneca,2632.0,74.6,1775.0,50.31,124.91,4407.0,100.0,13.04,48.38
Fiji,70,Australia/Oceania,64773,862.0,62875.0,1036.0,,71293,949.0,517703.0,569817.0,908543,"Moderna, Oxford/AstraZeneca, Pfizer/BioNTech",680784.0,75.4,627451.0,69.49,144.89,1308235.0,100.0,12.51,69.06
Finland,71,Europe,1069740,4284.0,,,21.0,192512,771.0,10832080.0,1949355.0,5556750,"Moderna, Oxford/AstraZeneca, Pfizer/BioNTech",4505614.0,81.21,4308827.0,77.66,210.5,11679339.0,100.0,9.88,77.54
France,72,Europe,29160802,147257.0,28156674.0,856871.0,1329.0,444914,2247.0,271490188.0,4142201.0,65542502,"Johnson&Johnson, Moderna, Oxford/AstraZeneca, Pfizer/BioNTech",53993210.0,80.08,52438706.0,77.78,210.12,141666197.0,100.0,10.74,80.01
French Guiana,73,South America,81784,397.0,11254.0,70133.0,1.0,261212,1268.0,631628.0,2017375.0,313094,,,,,,,,,12.95,
French Polynesia,74,Australia/Oceania,72821,649.0,,,7.0,256473,2286.0,,,283932,"Johnson&Johnson, Pfizer/BioNTech",186250.0,65.92,180807.0,63.99,129.92,367057.0,100.0,,63.68
Gabon,75,Africa,47608,304.0,47297.0,7.0,,20490,131.0,1594523.0,686256.0,2323511,"Pfizer/BioNTech, Sinopharm/Beijing, Sputnik V",297308.0,13.05,250565.0,11.0,24.09,548978.0,23.63,2.99,10.78
Gambia,76,Africa,11999,365.0,11591.0,43.0,,4718,144.0,155686.0,61220.0,2543054,"Johnson&Johnson, Oxford/AstraZeneca, Sinopharm/Beijing",331266.0,13.32,318161.0,12.79,14.61,363353.0,14.29,7.71,12.51
Georgia,77,Asia,1655221,16811.0,1637293.0,1117.0,,416417,4229.0,16920079.0,4256722.0,3974908,"Oxford/AstraZeneca, Pfizer/BioNTech, Sinopharm/Beijing, Sinovac",1600698.0,40.22,1256517.0,31.57,71.79,2857215.0,71.88,9.78,31.61
Germany,78,Europe,25780226,137919.0,23956700.0,1685607.0,1279.0,305877,1636.0,122332384.0,1451450.0,84282880,"Johnson&Johnson, Moderna, Novavax, Oxford/AstraZeneca, Pfizer/BioNTech",63664250.0,75.88,63142649.0,75.26,204.93,171940027.0,100.0,21.07,74.92
Ghana,79,Africa,161280,1445.0,159788.0,47.0,1.0,4996,45.0,2442206.0,75655.0,32280617,"Oxford/AstraZeneca, Sputnik V",8793591.0,27.71,4867214.0,15.34,39.83,12637542.0,39.15,6.6,15.08
Gibraltar,80,Europe,18129,102.0,16579.0,1448.0,,538400,3029.0,534283.0,15867278.0,33672,"Oxford/AstraZeneca, Pfizer/BioNTech",42034.0,124.76,41228.0,122.37,345.37,116358.0,100.0,3.39,100.0
Greece,81,Europe,3392575,29547.0,3306014.0,57014.0,176.0,328475,2861.0,81233888.0,7865209.0,10328255,"Johnson&Johnson, Moderna, Oxford/AstraZeneca, Pfizer/BioNTech",7896367.0,76.14,7592528.0,73.21,197.7,20503242.0,100.0,4.18,73.51
Greenland,82,North America,11971,21.0,2761.0,9189.0,4.0,210191,369.0,164926.0,2895826.0,56953,Moderna,41243.0,72.52,38502.0,67.7,140.23,79745.0,100.0,7.26,67.6
Grenada,83,North America,16344,221.0,14634.0,1489.0,4.0,144008,1947.0,157363.0,1386531.0,113494,"Johnson&Johnson, Oxford/AstraZeneca, Pfizer/BioNTech",43292.0,38.31,37915.0,33.55,77.12,87154.0,76.79,10.39,33.41
Guadeloupe,84,North America,140130,854.0,2250.0,137026.0,19.0,350105,2134.0,938039.0,2343627.0,400251,,,,,,,,,14.94,
Guatemala,85,North America,851877,17792.0,831794.0,2291.0,5.0,45966,960.0,4543522.0,245163.0,18532670,"Moderna, Oxford/AstraZeneca, Pfizer/BioNTech, Sputnik V",7624143.0,41.78,5929957.0,32.49,86.83,15845925.0,85.5,18.75,32.0
Guinea-Bissau,86,Africa,8222,171.0,8010.0,41.0,6.0,4002,83.0,136655.0,66512.0,2054599,"Oxford/AstraZeneca, Sinopharm/Beijing",519455.0,25.77,341495.0,16.94,27.91,562620.0,27.38,6.02,16.62
Guinea,87,Africa,36597,442.0,36113.0,42.0,8.0,2653,32.0,660107.0,47848.0,13795931,"Johnson&Johnson, Oxford/AstraZeneca, Pfizer/BioNTech, Sinopharm/Beijing, Sinovac, Sputnik V",3472605.0,25.73,2480075.0,18.37,44.1,5952680.0,43.15,5.54,17.98
Guyana,88,South America,63804,1228.0,62301.0,275.0,,80396,1547.0,610906.0,769770.0,793621,"Moderna, Oxford/AstraZeneca, Pfizer/BioNTech, Sinopharm/Beijing, Sputnik V",471864.0,59.7,360587.0,45.62,112.55,889522.0,100.0,10.44,45.44
Haiti,89,North America,30713,835.0,29605.0,273.0,,2634,72.0,132422.0,11356.0,11661401,"Johnson&Johnson, Moderna",163710.0,1.42,112335.0,0.97,2.16,249801.0,2.14,23.19,0.96
Holy See,90,Europe,29,,29.0,0.0,,36025,,,,805,,,,,,,,,,
Honduras,91,North America,424390,10896.0,132358.0,281136.0,105.0,41615,1068.0,1365056.0,133856.0,10197959,"Johnson&Johnson, Moderna, Oxford/AstraZeneca, Pfizer/BioNTech, Sputnik V",5377876.0,53.44,4777999.0,47.48,119.2,11995048.0,100.0,31.09,46.85
Hungary,92,Europe,1909948,46343.0,1821435.0,42170.0,29.0,198649,4820.0,11394556.0,1185122.0,9614673,"Johnson&Johnson, Moderna, Oxford/AstraZeneca, Pfizer/BioNTech, Sinopharm/Beijing, Sputnik V",6402207.0,66.45,6186672.0,64.22,170.54,16429829.0,100.0,16.76,64.35
Iceland,93,Europe,186545,120.0,,,,540134,347.0,2264004.0,6555338.0,345368,"Johnson&Johnson, Moderna, Oxford/AstraZeneca, Pfizer/BioNTech",309770.0,84.0,290193.0,78.69,218.41,805469.0,100.0,8.24,84.02
India,94,Asia,43121599,524214.0,42579693.0,17692.0,698.0,30686,373.0,843836914.0,600479.0,1405273033,"Covaxin, Oxford/AstraZeneca, Sputnik V",984838143.0,70.68,828229455.0,59.44,131.66,1834500657.0,100.0,5.11,58.94
Indonesia,95,Asia,6050776,156458.0,5889534.0,4784.0,2771.0,21694,561.0,97245391.0,348662.0,278910317,"Johnson&Johnson, Moderna, Novavax, Oxford/AstraZeneca, Pfizer/BioNTech, Sinopharm/Beijing, Sinovac",196240871.0,71.01,158830466.0,57.47,136.45,377108938.0,100.0,6.22,56.95
Iran,96,Asia,7228051,141224.0,7020835.0,65992.0,737.0,84052,1642.0,51771715.0,602031.0,85995095,"COVIran Barekat, Covaxin, FAKHRAVAC, Oxford/AstraZeneca, Razi Cov Pars, Sinopharm/Beijing, Soberana02, SpikoGen, Sputnik V",63872818.0,75.12,56810058.0,66.81,172.64,146792557.0,100.0,13.96,66.06
Iraq,97,Asia,2326458,25216.0,2299985.0,1257.0,10.0,55520,602.0,18529376.0,442197.0,41902979,"Oxford/AstraZeneca, Pfizer/BioNTech, Sinopharm/Beijing, Sputnik V",10266670.0,24.93,7121524.0,17.29,42.59,17536902.0,41.85,12.56,17.0
Ireland,98,Europe,1535451,7203.0,1499879.0,28369.0,28.0,304622,1429.0,12144747.0,2409429.0,5040509,"Johnson&Johnson, Moderna, Oxford/AstraZeneca, Pfizer/BioNTech",4069002.0,81.66,4007756.0,80.43,215.57,10741777.0,100.0,12.64,79.51
Isle Of Man,99,Europe,28416,105.0,26794.0,1517.0,,330915,1223.0,150753.0,1755575.0,85871,"Moderna, Oxford/AstraZeneca, Pfizer/BioNTech",69518.0,81.39,66975.0,78.42,221.87,189498.0,100.0,18.85,77.99
Israel,100,Asia,4106793,10749.0,4081150.0,14894.0,150.0,440360,1153.0,41373364.0,4436346.0,9326000,"Moderna, Pfizer/BioNTech",6702717.0,72.14,6128503.0,65.96,194.41,18062854.0,100.0,9.93,65.71
Italy,101,Europe,17057873,165244.0,15894511.0,998118.0,347.0,282901,2741.0,217853667.0,3613054.0,60296265,"Johnson&Johnson, Moderna, Novavax, Oxford/AstraZeneca, Pfizer/BioNTech",50723408.0,84.02,47817555.0,79.21,225.07,135870869.0,100.0,7.83,79.3
Jamaica,102,North America,131980,2995.0,84883.0,44102.0,,44211,1003.0,1031235.0,345445.0,2985238,"Johnson&Johnson, Moderna, Oxford/AstraZeneca, Pfizer/BioNTech",780377.0,26.24,672613.0,22.62,46.88,1393819.0,46.69,12.8,22.53
Japan,103,Asia,8338211,30039.0,7951587.0,356585.0,139.0,66305,239.0,50444181.0,401129.0,125755488,"Moderna, Oxford/AstraZeneca, Pfizer/BioNTech",102467506.0,81.29,100633737.0,79.84,201.78,254345587.0,100.0,16.53,80.02
Jordan,104,Asia,1694216,14048.0,1678941.0,1227.0,124.0,163034,1352.0,16670254.0,1604177.0,10391780,"Johnson&Johnson, Moderna, Oxford/AstraZeneca, Pfizer/BioNTech, Sinopharm/Beijing, Sputnik V",4714575.0,45.91,4412071.0,42.96,94.73,9727982.0,93.61,10.16,42.46
Kazakhstan,105,Asia,1305636,13661.0,1291669.0,306.0,24.0,68020,712.0,11575012.0,603023.0,19194987,"QazVac, Sinopharm/Beijing, Sputnik V",9451240.0,49.76,9150398.0,48.17,110.13,20918681.0,100.0,11.28,47.67
Kenya,106,Africa,324026,5649.0,318142.0,235.0,,5789,101.0,3630986.0,64866.0,55976553,"Johnson&Johnson, Moderna, Oxford/AstraZeneca, Pfizer/BioNTech, Sinopharm/Beijing",11696182.0,21.27,8090985.0,14.71,31.51,17327143.0,30.95,8.92,14.45
Kiribati,107,Australia/Oceania,3093,13.0,2602.0,478.0,3.0,25175,106.0,,,122862,Oxford/AstraZeneca,78620.0,64.77,55333.0,45.58,110.35,133953.0,100.0,,45.04
Kuwait,108,Asia,632074,2555.0,629114.0,405.0,3.0,144040,582.0,8071763.0,1839430.0,4388186,"Johnson&Johnson, Moderna, Oxford/AstraZeneca, Pfizer/BioNTech, Sinopharm/Beijing",3410314.0,78.79,3283891.0,75.87,180.53,7814545.0,100.0,7.83,74.83
Kyrgyzstan,109,Asia,200993,2991.0,196406.0,1596.0,131.0,29889,445.0,1907195.0,283613.0,6724638,"Sinopharm/Beijing, Sputnik V",1488749.0,22.46,1237551.0,18.67,43.8,2902889.0,43.17,10.54,18.4
Laos,110,Asia,209386,754.0,,,,28022,101.0,1232128.0,164896.0,7472169,"Johnson&Johnson, Oxford/AstraZeneca, Pfizer/BioNTech, Sinopharm/Beijing, Sinovac, Sputnik Light, Sputnik V",5593478.0,75.8,4455505.0,60.38,136.18,10048983.0,100.0,16.99,59.63
Latvia,111,Europe,825699,5798.0,816253.0,3648.0,6.0,446957,3139.0,7217715.0,3907005.0,1847378,"Johnson&Johnson, Moderna, Novavax, Pfizer/BioNTech",1344075.0,71.99,1302192.0,69.75,153.96,2874324.0,100.0,11.44,70.49
Lebanon,112,Asia,1097956,10407.0,1084853.0,2696.0,186.0,162215,1538.0,4795578.0,708511.0,6768532,"Oxford/AstraZeneca, Pfizer/BioNTech, Sinopharm/Beijing, Sputnik V",2516012.0,37.17,2201517.0,32.52,77.94,5276097.0,77.95,22.9,32.53
Lesotho,113,Africa,32910,697.0,24155.0,8058.0,,15139,321.0,431221.0,198365.0,2173878,"Johnson&Johnson, Oxford/AstraZeneca, Sinopharm/Beijing",782175.0,36.23,727528.0,33.7,41.94,905438.0,41.65,7.63,33.47
Liberia,114,Africa,7451,294.0,5747.0,1410.0,2.0,1411,56.0,139824.0,26487.0,5278999,Oxford/AstraZeneca,1047889.0,20.23,1015633.0,19.61,21.86,1132502.0,21.45,5.33,19.24
Libya,115,Africa,501904,6430.0,490973.0,4501.0,101.0,71240,913.0,2477219.0,351613.0,7045301,"Oxford/AstraZeneca, Pfizer/BioNTech, Sinopharm/Beijing, Sinovac, Sputnik V",2201314.0,31.63,1125758.0,16.18,49.09,3415834.0,48.48,20.26,15.98
Liechtenstein,116,Europe,17347,84.0,17192.0,71.0,1.0,452546,2191.0,102174.0,2665501.0,38332,"Johnson&Johnson, Moderna, Pfizer/BioNTech",26721.0,69.85,26395.0,69.0,184.12,70434.0,100.0,16.98,68.86
Lithuania,117,Europe,1060619,9127.0,1032609.0,18883.0,11.0,399994,3442.0,9954903.0,3754317.0,2651588,"Johnson&Johnson, Moderna, Novavax, Oxford/AstraZeneca, Pfizer/BioNTech",1948513.0,72.44,1872520.0,69.61,166.02,4465769.0,100.0,10.65,70.62
Luxembourg,118,Europe,244182,1073.0,235939.0,7170.0,,378610,1664.0,4248188.0,6586920.0,644943,"Johnson&Johnson, Moderna, Oxford/AstraZeneca, Pfizer/BioNTech",480279.0,75.66,460292.0,72.51,201.66,1280144.0,100.0,5.75,71.37
Macedonia,119,Europe,310684,9289.0,300761.0,634.0,,149137,4459.0,2034606.0,976666.0,2083215,,,,,,,,,15.27,
Madagascar,120,Africa,64236,1393.0,59370.0,3473.0,14.0,2214,48.0,430995.0,14854.0,29016291,"Johnson&Johnson, Oxford/AstraZeneca, Sinopharm/Beijing",1098703.0,3.86,1050879.0,3.7,4.6,1306962.0,4.5,14.9,3.62
Malawi,121,Africa,85887,2636.0,82703.0,548.0,67.0,4284,131.0,578807.0,28868.0,20050211,"Johnson&Johnson, Oxford/AstraZeneca",1570322.0,7.99,861888.0,4.39,10.15,1993981.0,9.94,14.84,4.3
Malaysia,122,Asia,4475873,35612.0,4409159.0,31102.0,47.0,135067,1075.0,59274648.0,1788706.0,33138284,"CanSino, Oxford/AstraZeneca, Pfizer/BioNTech, Sinopharm/Beijing, Sinovac",27494218.0,83.88,25801561.0,78.72,209.89,68795057.0,100.0,7.55,77.86
Maldives,123,Asia,179483,298.0,163687.0,15498.0,25.0,321497,534.0,2213831.0,3965506.0,558272,"Oxford/AstraZeneca, Pfizer/BioNTech, Sinopharm/Beijing",398348.0,73.28,371439.0,68.33,168.0,913264.0,100.0,8.11,66.53
Mali,124,Africa,31003,733.0,30088.0,182.0,,1453,34.0,675008.0,31636.0,21336613,Oxford/AstraZeneca,1331919.0,6.39,978690.0,4.69,8.98,1873615.0,8.78,4.59,4.59
Malta,125,Europe,93508,713.0,90076.0,2719.0,4.0,210730,1607.0,1904970.0,4293055.0,443733,"Johnson&Johnson, Moderna, Oxford/AstraZeneca, Pfizer/BioNTech",473639.0,91.77,466296.0,90.35,243.33,1255851.0,100.0,4.91,100.0
Marshall Islands,126,Australia/Oceania,17,,14.0,3.0,,284,,,,59934,,,,,,,,,,
Martinique,127,North America,153253,926.0,104.0,152223.0,8.0,408977,2471.0,828928.0,2212109.0,374723,,,,,,,,,18.49,
Mauritania,128,Africa,58840,982.0,57708.0,150.0,,12064,201.0,816126.0,167336.0,4877181,"Oxford/AstraZeneca, Sinopharm/Beijing",1553213.0,32.53,1057009.0,22.14,55.51,2650797.0,54.35,7.21,21.67
Mauritius,129,Africa,37843,996.0,36183.0,664.0,,29665,781.0,358675.0,281160.0,1275698,"Covaxin, Oxford/AstraZeneca, Sinopharm/Beijing",1000474.0,78.57,963452.0,75.66,195.87,2494317.0,100.0,10.55,75.52
Mayotte,130,Africa,37363,187.0,2964.0,34212.0,,131066,656.0,176919.0,620616.0,285070,,,,,,,,,21.12,
Mexico,131,North America,5745652,324465.0,5044893.0,376294.0,4798.0,43708,2468.0,15855490.0,120615.0,131455607,"CanSino, Johnson&Johnson, Moderna, Oxford/AstraZeneca, Pfizer/BioNTech, Sinovac, Sputnik V",85580293.0,65.7,79711762.0,61.19,147.32,191907868.0,100.0,36.24,60.64
Micronesia,132,Australia/Oceania,7,,1.0,6.0,,60,,,,117269,,,,,,,,,,
Moldova,133,Europe,516986,11489.0,504142.0,1355.0,49.0,128715,2860.0,3216305.0,800772.0,4016504,"Johnson&Johnson, Oxford/AstraZeneca, Pfizer/BioNTech, Sinopharm/Beijing, Sputnik V",1083286.0,26.92,1054472.0,26.2,52.78,2123778.0,52.88,16.07,26.25
Monaco,134,Europe,12004,54.0,11866.0,84.0,4.0,301911,1358.0,54960.0,1382294.0,39760,Pfizer/BioNTech,28875.0,73.06,25667.0,64.95,164.83,65140.0,100.0,21.84,64.55
Mongolia,135,Asia,469885,2179.0,313256.0,154450.0,192.0,139159,645.0,4030048.0,1193522.0,3376601,"Oxford/AstraZeneca, Pfizer/BioNTech, Sinopharm/Beijing, Sputnik V",2272363.0,68.25,2174463.0,65.31,164.56,5478794.0,100.0,11.66,64.4
Montenegro,136,Europe,236277,2719.0,232955.0,603.0,6.0,376109,4328.0,2465201.0,3924142.0,628214,"Oxford/AstraZeneca, Pfizer/BioNTech, Sinopharm/Beijing, Sputnik V",289687.0,46.12,281571.0,44.83,106.39,668206.0,100.0,9.58,44.82
Montserrat,137,North America,747,2.0,390.0,355.0,,149460,400.0,11238.0,2248499.0,4998,Oxford/AstraZeneca,1897.0,38.08,1804.0,36.22,84.54,4211.0,84.25,6.65,36.09
Morocco,138,Africa,1165795,16071.0,1149054.0,670.0,293.0,30902,426.0,11237010.0,297864.0,37725337,"Johnson&Johnson, Oxford/AstraZeneca, Pfizer/BioNTech, Sinopharm/Beijing, Sputnik V",24878016.0,66.62,23346308.0,62.52,145.14,54201634.0,100.0,10.37,61.88
Mozambique,139,Africa,225493,2201.0,223190.0,102.0,13.0,6857,67.0,1319772.0,40132.0,32885526,"Johnson&Johnson, Oxford/AstraZeneca, Sinopharm/Beijing",14243939.0,44.29,13130997.0,40.83,81.51,26215793.0,79.72,17.09,39.93
Myanmar,140,Asia,613140,19434.0,592089.0,1617.0,,11130,353.0,8083326.0,146732.0,55089133,"Oxford/AstraZeneca, Sinopharm/Beijing",26473700.0,48.3,21803150.0,39.78,89.98,49316486.0,89.52,7.59,39.58
Namibia,141,Africa,160074,4028.0,153662.0,2384.0,,60944,1534.0,1018783.0,387873.0,2626590,"Johnson&Johnson, Oxford/AstraZeneca, Pfizer/BioNTech, Sinopharm/Beijing",450833.0,17.42,383923.0,14.84,32.26,834756.0,31.78,15.71,14.62
Nauru,142,Australia/Oceania,8,,5.0,3.0,,731,,,,10951,Oxford/AstraZeneca,9150.0,84.15,7674.0,70.58,154.73,16824.0,100.0,,70.08
Nepal,143,Asia,978998,11952.0,966904.0,142.0,,32511,397.0,5669140.0,188264.0,30112649,"Johnson&Johnson, Moderna, Oxford/AstraZeneca, Pfizer/BioNTech, Sinopharm/Beijing",21994736.0,74.12,19014212.0,64.08,134.58,39935568.0,100.0,17.27,63.14
Netherlands,144,Europe,8067116,22292.0,7989151.0,55673.0,55.0,468869,1296.0,21107399.0,1226784.0,17205480,"Johnson&Johnson, Moderna, Novavax, Oxford/AstraZeneca, Pfizer/BioNTech",13455761.0,78.35,12366525.0,72.01,198.21,34038677.0,100.0,38.22,71.88
New Caledonia,145,Australia/Oceania,61049,312.0,60339.0,398.0,9.0,210072,1074.0,98964.0,340539.0,290610,Pfizer/BioNTech,188003.0,65.23,179880.0,62.41,127.64,367883.0,100.0,61.69,61.9
New Zealand,146,Australia/Oceania,1043683,923.0,989005.0,53755.0,,208649,185.0,7127584.0,1424918.0,5002100,"Oxford/AstraZeneca, Pfizer/BioNTech",4284293.0,83.57,4051832.0,79.04,213.61,10950139.0,100.0,14.64,81.0
Nicaragua,147,North America,18491,225.0,4225.0,14041.0,,2731,33.0,,,6771338,"Abdala, Johnson&Johnson, Oxford/AstraZeneca, Pfizer/BioNTech, Soberana02, Sputnik Light, Sputnik V",5498389.0,82.04,4113547.0,61.37,143.41,9611936.0,100.0,,60.75
Niger,148,Africa,9013,310.0,8579.0,124.0,1.0,349,12.0,253043.0,9794.0,25837472,"Oxford/AstraZeneca, Sinopharm/Beijing",2180972.0,8.68,1545630.0,6.15,10.67,2681673.0,10.38,3.56,5.98
Nigeria,149,Africa,255859,3143.0,249943.0,2773.0,11.0,1186,15.0,5114703.0,23717.0,215651424,Oxford/AstraZeneca,21049754.0,9.96,9565143.0,4.52,14.85,31391732.0,14.56,5.0,4.44
Niue,150,Australia/Oceania,9,,9.0,0.0,,5464,,,,1647,Pfizer/BioNTech,1650.0,102.23,1417.0,87.79,257.81,4161.0,100.0,,86.04
Norway,151,Europe,1429717,3061.0,,,20.0,259940,557.0,11002430.0,2000372.0,5500191,"Moderna, Pfizer/BioNTech",4331582.0,79.25,4027038.0,73.68,206.18,11269240.0,100.0,12.99,73.22
Oman,152,Asia,389408,4260.0,384592.0,556.0,2.0,72808,796.0,25000000.0,4674286.0,5348410,"Oxford/AstraZeneca, Pfizer/BioNTech, Sinovac, Sputnik V",3242461.0,62.08,3021149.0,57.84,133.76,6986946.0,100.0,1.56,56.49
Pakistan,153,Asia,1529249,30376.0,1494141.0,4732.0,109.0,6681,133.0,28350449.0,123867.0,228878790,"CanSino, Covaxin, Moderna, Oxford/AstraZeneca, Pfizer/BioNTech, Sinopharm/Beijing, Sinovac, Sputnik V",128074138.0,56.87,101881176.0,45.24,97.41,219368557.0,95.84,5.39,44.51
Palau,154,Australia/Oceania,4879,6.0,4166.0,707.0,1.0,267269,329.0,49264.0,2698658.0,18255,,,,,,,,,9.9,
Panama,155,North America,806277,8203.0,773421.0,24653.0,16.0,181543,1847.0,6019923.0,1355456.0,4441253,"Oxford/AstraZeneca, Pfizer/BioNTech",3434847.0,78.39,3017898.0,68.88,180.05,7889044.0,100.0,13.39,67.95
Papua New Guinea,156,Australia/Oceania,43876,651.0,43200.0,25.0,7.0,4737,70.0,249149.0,26898.0,9262605,Oxford/AstraZeneca,317150.0,3.48,257566.0,2.82,6.3,574716.0,6.2,17.61,2.78
Paraguay,157,South America,649718,18872.0,624673.0,6173.0,2.0,89055,2587.0,2633737.0,360998.0,7295705,"Covaxin, Moderna, Oxford/AstraZeneca, Pfizer/BioNTech, Sinopharm/Beijing, Sinovac, Sputnik V",3868131.0,53.58,3316744.0,45.94,116.74,8428214.0,100.0,24.67,45.46
Peru,158,South America,3571919,213023.0,,,248.0,105593,6297.0,30226868.0,893567.0,33827210,"Oxford/AstraZeneca, Pfizer/BioNTech, Sinopharm/Beijing",28381144.0,85.08,25480351.0,76.38,196.5,65552891.0,100.0,11.82,75.33
Philippines,159,Asia,3687922,60455.0,3624459.0,3008.0,289.0,32841,538.0,29827732.0,265614.0,112297269,"Johnson&Johnson, Moderna, Oxford/AstraZeneca, Pfizer/BioNTech, Sinopharm/Beijing, Sinovac, Sputnik Light, Sputnik V",70173137.0,63.19,65804988.0,59.26,134.0,148799120.0,100.0,12.36,58.6
Poland,160,Europe,6003436,116207.0,5335112.0,552117.0,981.0,158950,3077.0,36224215.0,959088.0,37769420,"Johnson&Johnson, Moderna, Oxford/AstraZeneca, Pfizer/BioNTech",22585418.0,59.75,22343826.0,59.12,142.63,53908363.0,100.0,16.57,59.16
Portugal,161,Europe,4066674,22583.0,,,61.0,400999,2227.0,41903714.0,4131968.0,10141346,"Johnson&Johnson, Moderna, Oxford/AstraZeneca, Pfizer/BioNTech",9663542.0,95.04,9415073.0,92.6,225.45,22923599.0,100.0,9.7,92.84
Qatar,162,Asia,366179,677.0,364474.0,1028.0,1.0,130415,241.0,3487616.0,1242115.0,2807805,"Moderna, Pfizer/BioNTech",2593517.0,88.5,2593517.0,88.5,225.46,6607185.0,100.0,10.5,92.37
Reunion,163,Africa,405980,762.0,395430.0,9788.0,10.0,447503,840.0,1603660.0,1767679.0,907212,,,,,,,,,25.32,
Romania,164,Europe,2903072,65612.0,,,138.0,152803,3453.0,22954921.0,1208233.0,18998751,"Johnson&Johnson, Moderna, Oxford/AstraZeneca, Pfizer/BioNTech",8162071.0,42.67,8083344.0,42.26,87.5,16736886.0,88.09,12.65,42.55
Russia,165,Europe,18260293,377670.0,17647179.0,235444.0,2300.0,125027,2586.0,273400000.0,1871949.0,146050996,"EpiVacCorona, Sputnik V",79954746.0,54.8,72841232.0,49.92,112.12,163601171.0,100.0,6.68,49.87
Rwanda,166,Africa,129907,1459.0,45522.0,82926.0,,9587,108.0,5343203.0,394334.0,13549956,"Johnson&Johnson, Moderna, Oxford/AstraZeneca, Pfizer/BioNTech, Sinopharm/Beijing, Sinovac, Sputnik V",8895871.0,67.0,8036044.0,60.53,146.28,19421047.0,100.0,2.43,59.31
Saint Barthelemy,167,North America,4611,6.0,,,,464210,604.0,78646.0,7917648.0,9933,,,,,,,,,5.86,
Saint Helena,168,Africa,2,,2.0,0.0,,327,,,,6111,Oxford/AstraZeneca,4361.0,71.55,3531.0,57.93,129.48,7892.0,100.0,,57.78
Saint Kitts And Nevis,169,North America,5605,43.0,5547.0,15.0,,103989,798.0,70707.0,1311818.0,53900,,,,,,,,,7.93,
Saint Lucia,170,North America,24267,368.0,23277.0,622.0,1.0,131038,1987.0,143281.0,773697.0,185190,"Oxford/AstraZeneca, Pfizer/BioNTech",58119.0,31.52,52713.0,28.59,63.85,117740.0,63.58,16.94,28.46
Saint Martin,171,North America,10602,63.0,1399.0,9140.0,7.0,265754,1579.0,112382.0,2817015.0,39894,,,,,,,,,9.43,
Saint Pierre And Miquelon,172,North America,2739,1.0,2449.0,289.0,1.0,477095,174.0,23687.0,4125936.0,5741,,,,,,,,,11.56,
Saint Vincent And The Grenadines,173,North America,6799,106.0,6641.0,52.0,,60925,950.0,99138.0,888365.0,111596,,,,,,,,,6.86,
Samoa,174,Australia/Oceania,11313,24.0,1605.0,9684.0,4.0,56320,119.0,85921.0,427746.0,200869,Oxford/AstraZeneca,173862.0,86.87,131031.0,65.47,152.34,304893.0,100.0,13.17,65.23
San Marino,175,Europe,16852,115.0,16454.0,283.0,4.0,494716,3376.0,152231.0,4468970.0,34064,"Pfizer/BioNTech, Sputnik V",26331.0,77.42,23602.0,69.4,200.62,68230.0,100.0,11.07,69.29
Sao Tome And Principe,176,Africa,5970,73.0,5891.0,6.0,,26330,322.0,29036.0,128060.0,226737,,,,,,,,,20.56,
Saudi Arabia,177,Asia,759226,9116.0,743921.0,6189.0,61.0,21194,254.0,42144668.0,1176452.0,35823522,"Oxford/AstraZeneca, Pfizer/BioNTech",26167138.0,74.04,24460457.0,69.21,176.54,62388851.0,100.0,1.8,68.28
Senegal,178,Africa,86039,1966.0,84059.0,14.0,,4898,112.0,1081824.0,61589.0,17565349,"Johnson&Johnson, Oxford/AstraZeneca, Sinopharm/Beijing",1457116.0,8.47,1039257.0,6.04,14.52,2496373.0,14.21,7.95,5.92
Serbia,179,Europe,2012836,16049.0,1988209.0,8578.0,12.0,232112,1851.0,9596815.0,1106664.0,8671838,"Oxford/AstraZeneca, Pfizer/BioNTech, Sinopharm/Beijing, Sputnik V",3347209.0,48.71,3269374.0,47.58,123.63,8494958.0,97.96,20.97,37.7
Seychelles,180,Africa,43235,167.0,42553.0,515.0,,434606,1679.0,,,99481,"Oxford/AstraZeneca, Sinopharm/Beijing, Sputnik V",84327.0,85.26,80089.0,80.97,201.66,199466.0,100.0,,80.51
Sierra Leone,181,Africa,7682,125.0,,,,928,15.0,259958.0,31400.0,8279028,"Oxford/AstraZeneca, Sinopharm/Beijing",1727305.0,21.22,1114047.0,13.68,26.22,2134324.0,25.78,2.96,13.46
Singapore,182,Asia,1240233,1362.0,1162140.0,76731.0,8.0,208933,229.0,23767171.0,4003881.0,5936034,"Moderna, Pfizer/BioNTech, Sinopharm/Beijing, Sinovac",5005722.0,91.79,4964989.0,91.04,253.51,13825593.0,100.0,5.22,83.64
Sint Maarten,183,North America,10123,86.0,9985.0,52.0,10.0,231208,1964.0,62056.0,1417354.0,43783,,,,,,,,,16.31,
Slovakia,184,Europe,1787093,20041.0,1761664.0,5388.0,30.0,327033,3667.0,7127129.0,1304244.0,5464567,"Johnson&Johnson, Moderna, Novavax, Oxford/AstraZeneca, Pfizer/BioNTech, Sputnik V",2819708.0,51.74,2763187.0,50.71,129.42,7052526.0,100.0,25.07,50.57
Slovenia,185,Europe,1019468,6622.0,1003559.0,9287.0,9.0,490254,3184.0,2656926.0,1277694.0,2079470,"Johnson&Johnson, Moderna, Novavax, Oxford/AstraZeneca, Pfizer/BioNTech",1264649.0,60.84,1220153.0,58.7,143.21,2977006.0,100.0,38.37,58.68
Solomon Is.,186,Australia/Oceania,18174,146.0,16357.0,1671.0,2.0,25303,203.0,5117.0,7124.0,718243,Oxford/AstraZeneca,235668.0,33.48,122405.0,17.39,50.86,358073.0,49.85,355.17,17.04
Somalia,187,Africa,26518,1350.0,13182.0,11986.0,,1586,81.0,400466.0,23953.0,16718643,"Johnson&Johnson, Oxford/AstraZeneca, Sinopharm/Beijing, Sinovac",1929472.0,11.79,1290895.0,7.89,14.64,2395219.0,14.33,6.62,7.72
South Africa,188,Africa,3887449,100753.0,3708347.0,78349.0,192.0,64042,1660.0,24841314.0,409239.0,60701292,"Johnson&Johnson, Pfizer/BioNTech",20894155.0,34.8,17833534.0,29.7,55.77,33485691.0,55.16,15.65,29.38
South Korea,189,Asia,17782061,23709.0,,,338.0,346282,462.0,15804065.0,307763.0,51351355,"Johnson&Johnson, Moderna, Novavax, Oxford/AstraZeneca, Pfizer/BioNTech",44948629.0,87.61,44482876.0,86.7,235.07,120604515.0,100.0,112.52,86.62
S. Sudan,190,Africa,17525,138.0,13514.0,3873.0,1.0,1532,12.0,389677.0,34068.0,11438136,"Johnson&Johnson, Oxford/AstraZeneca",526243.0,4.62,482816.0,4.24,5.05,575057.0,5.03,4.5,4.22
Spain,191,Europe,12127122,105444.0,11548089.0,473589.0,339.0,259190,2254.0,471036328.0,10067352.0,46788503,"Johnson&Johnson, Moderna, Oxford/AstraZeneca, Pfizer/BioNTech",41134037.0,88.0,40118474.0,85.82,200.68,93807121.0,100.0,2.57,85.74
Sri Lanka,192,Asia,663671,16511.0,646921.0,239.0,,30753,765.0,6486117.0,300555.0,21580463,"Moderna, Oxford/AstraZeneca, Pfizer/BioNTech, Sinopharm/Beijing, Sputnik V",16995787.0,79.06,14387077.0,66.93,181.9,39102567.0,100.0,10.23,66.67
Palestine,193,Asia,582119,5353.0,576684.0,82.0,17.0,109376,1006.0,3078533.0,578432.0,5322203,"Johnson&Johnson, Moderna, Oxford/AstraZeneca, Pfizer/BioNTech, Sinopharm/Beijing, Sinovac, Sputnik Light, Sputnik V",1995873.0,38.21,1756319.0,33.63,70.75,3694897.0,69.42,18.91,33.0
Sudan,194,Africa,62161,4936.0,,,,1359,108.0,562941.0,12303.0,45755378,"Johnson&Johnson, Oxford/AstraZeneca, Pfizer/BioNTech, Sinopharm/Beijing, Sinovac",5171677.0,11.52,2746556.0,6.12,13.65,6131070.0,13.4,11.04,6.0
Suriname,195,South America,80008,1337.0,49455.0,29216.0,,134147,2242.0,236268.0,396143.0,596421,"Oxford/AstraZeneca, Pfizer/BioNTech, Sinopharm/Beijing",267335.0,45.17,237194.0,40.08,85.25,504529.0,84.59,33.86,39.77
Swaziland,196,Africa,71698,1402.0,69549.0,747.0,11.0,60631,1186.0,1021394.0,863732.0,1182536,,,,,,,,,7.02,
Sweden,197,Europe,2504894,18864.0,2477725.0,8305.0,9.0,245180,1846.0,18553837.0,1816057.0,10216549,"Moderna, Oxford/AstraZeneca, Pfizer/BioNTech",7817094.0,76.94,7614496.0,74.94,207.22,21053545.0,100.0,13.5,74.53
Switzerland,198,Europe,3631881,13882.0,3551493.0,66506.0,78.0,414008,1582.0,20927607.0,2385592.0,8772500,"Johnson&Johnson, Moderna, Pfizer/BioNTech",6081712.0,69.78,5993447.0,68.77,179.39,15635047.0,100.0,17.35,68.32
Syria,199,Asia,55869,3150.0,52479.0,240.0,,3054,172.0,146269.0,7996.0,18292142,"Johnson&Johnson, Oxford/AstraZeneca, Sinopharm/Beijing, Sinovac, Sputnik Light, Sputnik V",2308843.0,12.63,1318742.0,7.22,18.44,3369196.0,18.42,38.2,7.21
Taiwan,200,Asia,768543,1068.0,60634.0,706841.0,,32161,45.0,16207475.0,678221.0,23897056,"Medigen, Moderna, Oxford/AstraZeneca, Pfizer/BioNTech",19449353.0,81.53,18254357.0,76.52,207.43,49481298.0,100.0,4.74,76.39
Tajikistan,201,Asia,17388,124.0,17264.0,0.0,,1750,12.0,,,9936493,"Moderna, Oxford/AstraZeneca, Pfizer/BioNTech, Sinovac, Sputnik V",5085230.0,52.16,4614268.0,47.33,107.08,10439469.0,100.0,,46.44
Tanzania,202,Africa,35354,840.0,,,7.0,562,13.0,,,62901456,"Johnson&Johnson, Pfizer/BioNTech, Sinopharm/Beijing",3941772.0,6.41,3067877.0,4.99,8.18,5031070.0,8.0,,4.88
Thailand,203,Asia,4373846,29475.0,4273599.0,70772.0,1496.0,62371,420.0,17270775.0,246281.0,70126166,"Moderna, Oxford/AstraZeneca, Pfizer/BioNTech, Sinopharm/Beijing, Sinovac",55362342.0,79.14,50159803.0,71.71,184.25,128882372.0,100.0,25.33,71.53
Timor-Leste,204,Asia,22889,131.0,22746.0,12.0,,16766,96.0,264799.0,193963.0,1365204,"Oxford/AstraZeneca, Pfizer/BioNTech, Sinovac",700055.0,52.09,578949.0,43.08,96.52,1297126.0,95.01,8.64,42.41
Togo,205,Africa,37023,273.0,36727.0,23.0,,4285,32.0,735638.0,85144.0,8639966,Oxford/AstraZeneca,1558542.0,18.38,1557538.0,18.37,32.53,2757575.0,31.92,5.03,18.03
Tonga,206,Australia/Oceania,11049,11.0,10110.0,928.0,,102376,102.0,518262.0,4802012.0,107926,Oxford/AstraZeneca,76910.0,72.04,70283.0,65.83,137.87,147193.0,100.0,2.13,65.12
Trinidad and Tobago,207,North America,154643,3871.0,141354.0,9418.0,18.0,109837,2749.0,726218.0,515806.0,1407928,"Johnson&Johnson, Oxford/AstraZeneca, Pfizer/BioNTech, Sinopharm/Beijing",746106.0,53.17,708762.0,50.5,110.0,1543684.0,100.0,21.29,50.34
Tunisia,208,Africa,1041197,28575.0,,,29.0,86414,2372.0,4592916.0,381189.0,12048936,"Johnson&Johnson, Moderna, Oxford/AstraZeneca, Pfizer/BioNTech, Sinopharm/Beijing, Sinovac, Sputnik V",7171789.0,60.09,6345597.0,53.16,109.23,13037269.0,100.0,22.67,52.67
Turkey,209,Asia,15053168,98890.0,14951238.0,3040.0,975.0,174977,1149.0,160622710.0,1867071.0,86029250,"Pfizer/BioNTech, Sinovac, Turkovac",57776278.0,67.94,52968985.0,62.29,172.72,146881913.0,100.0,9.37,61.57
Turks And Caicos Islands,210,North America,6046,36.0,5963.0,47.0,4.0,152323,907.0,505354.0,12731886.0,39692,,,,,,,,,1.2,
Uganda,211,Africa,164069,3596.0,100205.0,60268.0,2.0,3388,74.0,2612795.0,53950.0,48429823,"Johnson&Johnson, Moderna, Oxford/AstraZeneca, Pfizer/BioNTech, Sinovac",14131307.0,29.99,8014082.0,17.01,36.5,17197954.0,35.51,6.28,16.55
United Kingdom,212,Europe,22159805,176708.0,21677896.0,305201.0,253.0,323264,2578.0,519264096.0,7574950.0,68550166,"Moderna, Oxford/AstraZeneca, Pfizer/BioNTech",52788065.0,77.39,49404026.0,72.43,206.68,140968337.0,100.0,4.27,72.07
Ukraine,213,Europe,5006460,108449.0,,,177.0,115771,2508.0,19521252.0,451415.0,43244553,"Johnson&Johnson, Moderna, Oxford/AstraZeneca, Pfizer/BioNTech, Sinovac",15729617.0,36.19,15221792.0,35.02,72.89,31683310.0,73.27,25.65,35.2
United Arab Emirates,214,Asia,902484,2302.0,886128.0,14054.0,,89240,228.0,159103283.0,15732628.0,10112950,"Oxford/AstraZeneca, Pfizer/BioNTech, Sinopharm/Beijing, Sinopharm/Wuhan, Sputnik V",9890318.0,98.99,9603499.0,96.12,244.86,24463702.0,100.0,0.57,94.96
Uruguay,215,South America,902540,7213.0,892434.0,2893.0,18.0,258152,2063.0,6114822.0,1749015.0,3496151,"Oxford/AstraZeneca, Pfizer/BioNTech, Sinovac",2972777.0,85.3,2842482.0,81.56,230.34,8027751.0,100.0,14.76,81.3
United States of America,216,North America,84209473,1026646.0,81244260.0,1938567.0,1941.0,251659,3068.0,1016882505.0,3038939.0,334617623,"Johnson&Johnson, Moderna, Pfizer/BioNTech",255362450.0,76.91,217498967.0,65.51,168.72,560181791.0,100.0,8.28,65.0
Uzbekistan,217,Asia,238802,1637.0,236974.0,191.0,23.0,6947,48.0,1377915.0,40088.0,34372515,"Moderna, Oxford/AstraZeneca, Pfizer/BioNTech, Sinovac, Sputnik Light, Sputnik V, ZF2001",18633103.0,54.91,13852504.0,40.82,130.18,44177104.0,100.0,17.33,40.3
Vanuatu,218,Australia/Oceania,8457,14.0,7974.0,469.0,,26386,44.0,24976.0,77926.0,320508,Oxford/AstraZeneca,114284.0,36.34,85180.0,27.09,63.43,199464.0,62.23,33.86,26.58
Venezuela,219,South America,522921,5711.0,516170.0,1040.0,230.0,18487,202.0,3359014.0,118752.0,28285909,"Abdala, Sinopharm/Beijing, Sinovac, Soberana02, Sputnik Light, Sputnik V",22157232.0,77.19,14287370.0,49.77,131.9,37860994.0,100.0,15.57,50.51
Vietnam,220,Asia,10696630,43065.0,9355040.0,1298525.0,340.0,108080,435.0,85811485.0,867048.0,98969721,"Abdala, Moderna, Oxford/AstraZeneca, Pfizer/BioNTech, Sinopharm/Beijing, Sputnik V",79947189.0,81.44,77754108.0,79.2,206.93,203144374.0,100.0,12.47,78.56
Wallis And Futuna Islands,221,Australia/Oceania,454,7.0,438.0,9.0,,41755,644.0,20508.0,1886140.0,10873,,,,,,,,,2.21,
W. Sahara,222,Africa,10,1.0,9.0,0.0,,16,2.0,,,624681,,,,,,,,,,
Yemen,223,Asia,11819,2149.0,9009.0,661.0,23.0,381,69.0,265253.0,8543.0,31049015,"Johnson&Johnson, Oxford/AstraZeneca, Sinovac",643501.0,2.11,404781.0,1.33,2.65,807502.0,2.6,4.46,1.3
Zambia,224,Africa,320591,3983.0,315997.0,611.0,,16575,206.0,3452554.0,178497.0,19342381,"Johnson&Johnson, Oxford/AstraZeneca, Sinopharm/Beijing",2829929.0,14.96,2182849.0,11.54,17.98,3402612.0,17.59,9.29,11.29
Zimbabwe,225,Africa,249206,5482.0,242417.0,1307.0,12.0,16324,359.0,2287793.0,149863.0,15265849,"Oxford/AstraZeneca, Sinopharm/Beijing, Sinovac, Sputnik V",5053114.0,33.48,3510256.0,23.26,59.9,9039729.0,59.22,10.89,22.99
